date,total_onpromotion,dcoilwtico,is_national_holiday,predicted_sales
2017-08-16,30539,46.8,0,776610.65
2017-08-17,7505,47.07,0,680858.3
2017-08-18,13777,48.59,0,772993.56
2017-08-19,8614,48.59,0,910388.22
2017-08-20,9513,48.59,0,979063.35
2017-08-21,8100,47.39,0,759454.1
2017-08-22,10295,47.65,0,719529.51
2017-08-23,16500,48.45,0,749599.24
2017-08-24,8268,47.24,0,671104.49
2017-08-25,13991,47.65,0,791118.78
2017-08-26,9061,47.65,0,905616.59
2017-08-27,10297,47.65,0,1010263.14
2017-08-28,8489,46.4,0,760143.44
2017-08-29,10876,46.46,0,738867.0
2017-08-30,21491,45.96,0,779585.07
2017-08-31,11281,47.26,0,716647.67
